instrument_id,instrument_name,active,updated_on
RELIANCE,Reliance Industries,true,
TCS,Tata Consultancy Services,true,
INFY,Infosys,true,
HDFCBANK,HDFC Bank,true,
ICICIBANK,ICICI Bank,true,
ITC,ITC,true,
HINDUNILVR,Hindustan Unilever,true,
SBIN,State Bank of India,true,
BHARTIARTL,Bharti Airtel,true,
BAJFINANCE,Bajaj Finance,true,
KOTAKBANK,Kotak Mahindra Bank,true,
LT,Larsen & Toubro,true,
HCLTECH,HCL Technologies,true,
ASIANPAINT,Asian Paints,true,
AXISBANK,Axis Bank,true,
MARUTI,Maruti Suzuki India,true,
SUNPHARMA,Sun Pharmaceutical Industries,true,
TITAN,Titan Company,true,
ULTRACEMCO,UltraTech Cement,true,
WIPRO,Wipro,true,
NESTLEIND,Nestle India,true,
ONGC,Oil and Natural Gas Corporation,true,
NTPC,NTPC,true,
POWERGRID,Power Grid Corporation of India,true,
TATASTEEL,Tata Steel,true,
JSWSTEEL,JSW Steel,true,
ADANIENT,Adani Enterprises,true,
ADANIPORTS,Adani Ports and SEZ,true,
GRASIM,Grasim Industries,true,
HINDALCO,Hindalco Industries,true,
INDUSINDBK,IndusInd Bank,true,
TECHM,Tech Mahindra,true,
CIPLA,Cipla,true,
DRREDDY,Dr. Reddy's Laboratories,true,
BAJAJFINSV,Bajaj Finserv,true,
HEROMOTOCO,Hero MotoCorp,true,
EICHERMOT,Eicher Motors,true,
BRITANNIA,Britannia Industries,true,
COALINDIA,Coal India,true,
BPCL,Bharat Petroleum Corporation,true,
APOLLOHOSP,Apollo Hospitals Enterprise,true,
TATACONSUM,Tata Consumer Products,true,
SBILIFE,SBI Life Insurance Company,true,
HDFCLIFE,HDFC Life Insurance Company,true,
SHREECEM,Shree Cement,true,
DIVISLAB,Divi's Laboratories,true,
LTIM,LTIMindtree,true,
BANKBARODA,Bank of Baroda,true,
PNB,Punjab National Bank,true,
CANBK,Canara Bank,true,
TATAMOTORS,Tata Motors,false,2026-10-05 00:00:00
LEGACYCORP,Legacy Corp,false,2025-11-14 15:30:00
